MAE,RMSE,R2,method,abl,subset,seed,z_dim,beta,like,misspec
0.8356856385152708,1.0472365780803357,0.9979997719500487,MB-GIB,scope,parent,0,,,,
2.2710429251452,2.7903463851595656,0.9857994179780023,MB-VIB,scope,parent,0,,,,
0.8269124580058366,1.0387180720284093,0.9980321803959851,BN,scope,parent,0,,,,
1.127805809428448,1.5137395828750078,0.9958208087849577,PureDNN,scope,parent,0,,,,
2.0775198975536693,2.5527257386822355,0.9881150263820226,IIB-style,scope,parent,0,,,,
0.4003260641343697,0.49073794185189873,0.9995607728456111,MB-GIB,scope,mb,0,,,,
0.6596336629072006,0.8511627844119302,0.9986786582404151,MB-VIB,scope,mb,0,,,,
44.71931213512626,49.58662890788213,-3.484552121322701,BN,scope,mb,0,,,,
0.6093464912054288,0.7560408763082658,0.9989574894442522,PureDNN,scope,mb,0,,,,
1.0687029591701136,1.2701410647384241,0.9970576534536987,IIB-style,scope,mb,0,,,,
0.3915265745352145,0.48110319414487424,0.9995778503942963,MB-GIB,scope,global,0,,,,
0.7581513110738711,0.9588812563533171,0.9983230521148553,MB-VIB,scope,global,0,,,,
44.71931213512626,49.58662890788213,-3.484552121322701,BN,scope,global,0,,,,
0.791516462737995,1.0084821326698001,0.9981450751312112,PureDNN,scope,global,0,,,,
0.8584781611662297,1.0468227692512648,0.9980013523923518,IIB-style,scope,global,0,,,,
0.4003260641343697,0.49073794185189873,0.9995607728456111,MB-GIB,capacity_beta_like,,0,4.0,0.001,student_t,
0.6362084683625632,0.7816642506027973,0.9988856274458355,MB-VIB,capacity_beta_like,,0,4.0,0.001,student_t,
0.4003260641343697,0.49073794185189873,0.9995607728456111,MB-GIB,capacity_beta_like,,0,4.0,0.001,laplace,
0.4933652394355654,0.6205416755258654,0.9992976852082223,MB-VIB,capacity_beta_like,,0,4.0,0.001,laplace,
0.4003260641343697,0.49073794185189873,0.9995607728456111,MB-GIB,capacity_beta_like,,0,4.0,0.003,student_t,
0.6163260935985426,0.7730274697490666,0.9989101172940384,MB-VIB,capacity_beta_like,,0,4.0,0.003,student_t,
0.4003260641343697,0.49073794185189873,0.9995607728456111,MB-GIB,capacity_beta_like,,0,4.0,0.003,laplace,
0.6716531421279146,0.8199294712152729,0.998773851980477,MB-VIB,capacity_beta_like,,0,4.0,0.003,laplace,
0.4003260641343697,0.49073794185189873,0.9995607728456111,MB-GIB,capacity_beta_like,,0,4.0,0.01,student_t,
1.1567252643257993,1.4783546954944011,0.9960139091073135,MB-VIB,capacity_beta_like,,0,4.0,0.01,student_t,
0.4003260641343697,0.49073794185189873,0.9995607728456111,MB-GIB,capacity_beta_like,,0,4.0,0.01,laplace,
0.7960681738916497,1.0002981104256485,0.9981750591013602,MB-VIB,capacity_beta_like,,0,4.0,0.01,laplace,
0.4003260641343697,0.49073794185189873,0.9995607728456111,MB-GIB,capacity_beta_like,,0,8.0,0.001,student_t,
0.5860219516032927,0.7373478912137312,0.9990084039400744,MB-VIB,capacity_beta_like,,0,8.0,0.001,student_t,
0.4003260641343697,0.49073794185189873,0.9995607728456111,MB-GIB,capacity_beta_like,,0,8.0,0.001,laplace,
0.4901955800849109,0.611882182921173,0.9993171496722844,MB-VIB,capacity_beta_like,,0,8.0,0.001,laplace,
0.4003260641343697,0.49073794185189873,0.9995607728456111,MB-GIB,capacity_beta_like,,0,8.0,0.003,student_t,
1.1805798424170542,1.3885786242402631,0.9964833361400215,MB-VIB,capacity_beta_like,,0,8.0,0.003,student_t,
0.4003260641343697,0.49073794185189873,0.9995607728456111,MB-GIB,capacity_beta_like,,0,8.0,0.003,laplace,
0.7543836586716681,0.9119683098736951,0.9984831263685374,MB-VIB,capacity_beta_like,,0,8.0,0.003,laplace,
0.4003260641343697,0.49073794185189873,0.9995607728456111,MB-GIB,capacity_beta_like,,0,8.0,0.01,student_t,
0.58571807573369,0.7416263021025866,0.9989968632176829,MB-VIB,capacity_beta_like,,0,8.0,0.01,student_t,
0.4003260641343697,0.49073794185189873,0.9995607728456111,MB-GIB,capacity_beta_like,,0,8.0,0.01,laplace,
0.8812164442142121,1.0814731996139935,0.9978668498284987,MB-VIB,capacity_beta_like,,0,8.0,0.01,laplace,
0.4003260641343697,0.49073794185189873,0.9995607728456111,MB-GIB,capacity_beta_like,,0,16.0,0.001,student_t,
0.5797714398301063,0.7209462873771469,0.9990520275264928,MB-VIB,capacity_beta_like,,0,16.0,0.001,student_t,
0.4003260641343697,0.49073794185189873,0.9995607728456111,MB-GIB,capacity_beta_like,,0,16.0,0.001,laplace,
0.6045688176634325,0.7420957646020945,0.9989955928092441,MB-VIB,capacity_beta_like,,0,16.0,0.001,laplace,
0.4003260641343697,0.49073794185189873,0.9995607728456111,MB-GIB,capacity_beta_like,,0,16.0,0.003,student_t,
0.6031231154458655,0.7427655000026401,0.9989937790524984,MB-VIB,capacity_beta_like,,0,16.0,0.003,student_t,
0.4003260641343697,0.49073794185189873,0.9995607728456111,MB-GIB,capacity_beta_like,,0,16.0,0.003,laplace,
0.824975447652259,1.0216185759670227,0.9980964360586009,MB-VIB,capacity_beta_like,,0,16.0,0.003,laplace,
0.4003260641343697,0.49073794185189873,0.9995607728456111,MB-GIB,capacity_beta_like,,0,16.0,0.01,student_t,
1.2439125366925468,1.484284625281715,0.995981867208754,MB-VIB,capacity_beta_like,,0,16.0,0.01,student_t,
0.4003260641343697,0.49073794185189873,0.9995607728456111,MB-GIB,capacity_beta_like,,0,16.0,0.01,laplace,
0.7532005198204687,1.0487488990947667,0.9979939906945456,MB-VIB,capacity_beta_like,,0,16.0,0.01,laplace,
0.6108221941157468,0.7671488987951275,0.9989266305277478,MB-GIB(misspec),mb_misspec,,0,,,,drop_one
1.6523055315069728,2.2330392696677115,0.990905420399775,MB-VIB(misspec),mb_misspec,,0,,,,drop_one
0.3915265745352145,0.48110319414487424,0.9995778503942963,MB-GIB(misspec),mb_misspec,,0,,,,add_nonmb
0.6220628525644325,0.7902313922892963,0.9988610662466573,MB-VIB(misspec),mb_misspec,,0,,,,add_nonmb
0.790074741146228,0.9558263589399131,0.9982029584823734,MB-GIB,scope,parent,1,,,,
1.8310867550761651,2.1735202705739414,0.9907076085901241,MB-VIB,scope,parent,1,,,,
0.7887203768208547,0.9542133967363091,0.9982090183997449,BN,scope,parent,1,,,,
2.339142022908563,3.11437095027239,0.9809216511980201,PureDNN,scope,parent,1,,,,
1.2959395051542901,1.56534543733376,0.9951802946533481,IIB-style,scope,parent,1,,,,
0.39778156783774565,0.4959843565064678,0.9995161217928498,MB-GIB,scope,mb,1,,,,
1.3998557110355858,1.57795687636368,0.9951023204579893,MB-VIB,scope,mb,1,,,,
44.66006666378192,49.94408084128998,-3.906458781688044,BN,scope,mb,1,,,,
1.3578576466087713,1.7612269399614715,0.9938985824809217,PureDNN,scope,mb,1,,,,
1.951448489887248,2.5006763801008907,0.9876997174125373,IIB-style,scope,mb,1,,,,
0.4153164803730401,0.516826568474364,0.9994746003639472,MB-GIB,scope,global,1,,,,
0.6453020382011195,0.7798704678696652,0.998803686359685,MB-VIB,scope,global,1,,,,
44.66006666378192,49.94408084128998,-3.906458781688044,BN,scope,global,1,,,,
0.7078109487544443,0.9318275976214218,0.998292065378096,PureDNN,scope,global,1,,,,
1.01230604019226,1.2288044733528414,0.9970299369257268,IIB-style,scope,global,1,,,,
0.39778156783774565,0.4959843565064678,0.9995161217928498,MB-GIB,capacity_beta_like,,1,4.0,0.001,student_t,
0.6474429413225146,0.8550968756626763,0.9985617620494508,MB-VIB,capacity_beta_like,,1,4.0,0.001,student_t,
0.39778156783774565,0.4959843565064678,0.9995161217928498,MB-GIB,capacity_beta_like,,1,4.0,0.001,laplace,
0.44694925274890984,0.5332603602033892,0.9994406563547696,MB-VIB,capacity_beta_like,,1,4.0,0.001,laplace,
0.39778156783774565,0.4959843565064678,0.9995161217928498,MB-GIB,capacity_beta_like,,1,4.0,0.003,student_t,
0.4724023706381819,0.5741343133029881,0.9993516237298944,MB-VIB,capacity_beta_like,,1,4.0,0.003,student_t,
0.39778156783774565,0.4959843565064678,0.9995161217928498,MB-GIB,capacity_beta_like,,1,4.0,0.003,laplace,
0.7563362244399285,0.965083898066017,0.9981679798571104,MB-VIB,capacity_beta_like,,1,4.0,0.003,laplace,
0.39778156783774565,0.4959843565064678,0.9995161217928498,MB-GIB,capacity_beta_like,,1,4.0,0.01,student_t,
0.5253393468571516,0.6630825061396418,0.9991351610407994,MB-VIB,capacity_beta_like,,1,4.0,0.01,student_t,
0.39778156783774565,0.4959843565064678,0.9995161217928498,MB-GIB,capacity_beta_like,,1,4.0,0.01,laplace,
0.8607963211977069,1.0949240207246864,0.9976418682153942,MB-VIB,capacity_beta_like,,1,4.0,0.01,laplace,
0.39778156783774565,0.4959843565064678,0.9995161217928498,MB-GIB,capacity_beta_like,,1,8.0,0.001,student_t,
0.902354594300928,1.0551256092707868,0.9978101799235457,MB-VIB,capacity_beta_like,,1,8.0,0.001,student_t,
0.39778156783774565,0.4959843565064678,0.9995161217928498,MB-GIB,capacity_beta_like,,1,8.0,0.001,laplace,
0.7994674947888761,0.9466655915763733,0.9982372395854038,MB-VIB,capacity_beta_like,,1,8.0,0.001,laplace,
0.39778156783774565,0.4959843565064678,0.9995161217928498,MB-GIB,capacity_beta_like,,1,8.0,0.003,student_t,
0.516020801215456,0.6247002518928351,0.9992323849745524,MB-VIB,capacity_beta_like,,1,8.0,0.003,student_t,
0.39778156783774565,0.4959843565064678,0.9995161217928498,MB-GIB,capacity_beta_like,,1,8.0,0.003,laplace,
0.5544723095749063,0.6767316435969878,0.9990991902593725,MB-VIB,capacity_beta_like,,1,8.0,0.003,laplace,
0.39778156783774565,0.4959843565064678,0.9995161217928498,MB-GIB,capacity_beta_like,,1,8.0,0.01,student_t,
0.5405634403662151,0.6866228837368586,0.9990726649990115,MB-VIB,capacity_beta_like,,1,8.0,0.01,student_t,
0.39778156783774565,0.4959843565064678,0.9995161217928498,MB-GIB,capacity_beta_like,,1,8.0,0.01,laplace,
0.9927173295630901,1.2470659702185047,0.9969410036286626,MB-VIB,capacity_beta_like,,1,8.0,0.01,laplace,
0.39778156783774565,0.4959843565064678,0.9995161217928498,MB-GIB,capacity_beta_like,,1,16.0,0.001,student_t,
0.6646277193275365,0.9318406718606339,0.9982920174505555,MB-VIB,capacity_beta_like,,1,16.0,0.001,student_t,
0.39778156783774565,0.4959843565064678,0.9995161217928498,MB-GIB,capacity_beta_like,,1,16.0,0.001,laplace,
0.8589248115254254,1.006518498057251,0.9980072921725492,MB-VIB,capacity_beta_like,,1,16.0,0.001,laplace,
0.39778156783774565,0.4959843565064678,0.9995161217928498,MB-GIB,capacity_beta_like,,1,16.0,0.003,student_t,
0.49226270472334555,0.6129926165517695,0.9992608874237653,MB-VIB,capacity_beta_like,,1,16.0,0.003,student_t,
0.39778156783774565,0.4959843565064678,0.9995161217928498,MB-GIB,capacity_beta_like,,1,16.0,0.003,laplace,
0.7268473997782006,0.8646191055873164,0.9985295516955935,MB-VIB,capacity_beta_like,,1,16.0,0.003,laplace,
0.39778156783774565,0.4959843565064678,0.9995161217928498,MB-GIB,capacity_beta_like,,1,16.0,0.01,student_t,
0.7012699715704674,1.0677818686570482,0.9977573309521744,MB-VIB,capacity_beta_like,,1,16.0,0.01,student_t,
0.39778156783774565,0.4959843565064678,0.9995161217928498,MB-GIB,capacity_beta_like,,1,16.0,0.01,laplace,
0.6283890686084864,0.8079755132008234,0.998715906927089,MB-VIB,capacity_beta_like,,1,16.0,0.01,laplace,
0.5599747456297954,0.6943312203250079,0.9990517267664064,MB-GIB(misspec),mb_misspec,,1,,,,drop_one
0.8641880588737599,1.1143761045829008,0.9975573362521893,MB-VIB(misspec),mb_misspec,,1,,,,drop_one
0.4153164803730401,0.516826568474364,0.9994746003639472,MB-GIB(misspec),mb_misspec,,1,,,,add_nonmb
1.0944380942002652,1.2842580171072127,0.9967558219910799,MB-VIB(misspec),mb_misspec,,1,,,,add_nonmb
0.718811842484121,0.9144563140359242,0.9982153801645341,MB-GIB,scope,parent,2,,,,
1.6780152568561681,2.1435977520805967,0.9901936728941041,MB-VIB,scope,parent,2,,,,
0.7082046357316579,0.9026395039493625,0.9982612046792613,BN,scope,parent,2,,,,
1.3996039870678174,1.8004658818726091,0.9930818562473526,PureDNN,scope,parent,2,,,,
1.4235145949553925,1.9069349629840529,0.9922394669502876,IIB-style,scope,parent,2,,,,
0.3664038884795553,0.4527410066972672,0.9995625590316746,MB-GIB,scope,mb,2,,,,
0.5306816468413718,0.67162495931131,0.9990373388522243,MB-VIB,scope,mb,2,,,,
45.12357725664369,49.12663416306899,-4.150552402575132,BN,scope,mb,2,,,,
0.9601260521924317,1.31035737962312,0.9963356300953792,PureDNN,scope,mb,2,,,,
0.5950317263877786,0.7912877633527716,0.998663747011918,IIB-style,scope,mb,2,,,,
0.36522248320098427,0.4512483781276646,0.9995654386496148,MB-GIB,scope,global,2,,,,
0.8008499951782472,1.0367070418045778,0.9977063249692539,MB-VIB,scope,global,2,,,,
45.12357725664369,49.12663416306899,-4.150552402575132,BN,scope,global,2,,,,
0.7924440683728332,1.0574206311524619,0.9976137532546631,PureDNN,scope,global,2,,,,
0.5059595640153284,0.6648224270842603,0.9990567406629631,IIB-style,scope,global,2,,,,
0.3664038884795553,0.4527410066972672,0.9995625590316746,MB-GIB,capacity_beta_like,,2,4.0,0.001,student_t,
0.6266832260579825,0.8053107356978442,0.9986159659734883,MB-VIB,capacity_beta_like,,2,4.0,0.001,student_t,
0.3664038884795553,0.4527410066972672,0.9995625590316746,MB-GIB,capacity_beta_like,,2,4.0,0.001,laplace,
0.7638929540024227,1.0157378822175316,0.9977981735239474,MB-VIB,capacity_beta_like,,2,4.0,0.001,laplace,
0.3664038884795553,0.4527410066972672,0.9995625590316746,MB-GIB,capacity_beta_like,,2,4.0,0.003,student_t,
0.622212826836082,0.8324900169851197,0.9985209670192474,MB-VIB,capacity_beta_like,,2,4.0,0.003,student_t,
0.3664038884795553,0.4527410066972672,0.9995625590316746,MB-GIB,capacity_beta_like,,2,4.0,0.003,laplace,
0.6452171212429831,0.7951837814954249,0.9986505561538501,MB-VIB,capacity_beta_like,,2,4.0,0.003,laplace,
0.3664038884795553,0.4527410066972672,0.9995625590316746,MB-GIB,capacity_beta_like,,2,4.0,0.01,student_t,
0.5975231413457217,0.7992101210490731,0.9986368559883928,MB-VIB,capacity_beta_like,,2,4.0,0.01,student_t,
0.3664038884795553,0.4527410066972672,0.9995625590316746,MB-GIB,capacity_beta_like,,2,4.0,0.01,laplace,
0.6105785265580649,0.7580802397511807,0.9987735491666528,MB-VIB,capacity_beta_like,,2,4.0,0.01,laplace,
0.3664038884795553,0.4527410066972672,0.9995625590316746,MB-GIB,capacity_beta_like,,2,8.0,0.001,student_t,
0.8088477103430103,1.0471661575859068,0.9976598107163632,MB-VIB,capacity_beta_like,,2,8.0,0.001,student_t,
0.3664038884795553,0.4527410066972672,0.9995625590316746,MB-GIB,capacity_beta_like,,2,8.0,0.001,laplace,
0.6703676702555603,0.8181081647371431,0.9985716282778451,MB-VIB,capacity_beta_like,,2,8.0,0.001,laplace,
0.3664038884795553,0.4527410066972672,0.9995625590316746,MB-GIB,capacity_beta_like,,2,8.0,0.003,student_t,
0.8447849665782923,1.0837515983530803,0.9974934331491743,MB-VIB,capacity_beta_like,,2,8.0,0.003,student_t,
0.3664038884795553,0.4527410066972672,0.9995625590316746,MB-GIB,capacity_beta_like,,2,8.0,0.003,laplace,
0.6491315380905063,0.865370936881998,0.9984018247493935,MB-VIB,capacity_beta_like,,2,8.0,0.003,laplace,
0.3664038884795553,0.4527410066972672,0.9995625590316746,MB-GIB,capacity_beta_like,,2,8.0,0.01,student_t,
1.067974929117496,1.38635508720832,0.9958982541189392,MB-VIB,capacity_beta_like,,2,8.0,0.01,student_t,
0.3664038884795553,0.4527410066972672,0.9995625590316746,MB-GIB,capacity_beta_like,,2,8.0,0.01,laplace,
0.9096830120919074,1.0839452040002344,0.9974925375032629,MB-VIB,capacity_beta_like,,2,8.0,0.01,laplace,
0.3664038884795553,0.4527410066972672,0.9995625590316746,MB-GIB,capacity_beta_like,,2,16.0,0.001,student_t,
0.8306231240353458,1.092130140491772,0.9974545265262892,MB-VIB,capacity_beta_like,,2,16.0,0.001,student_t,
0.3664038884795553,0.4527410066972672,0.9995625590316746,MB-GIB,capacity_beta_like,,2,16.0,0.001,laplace,
1.4626143893537829,1.7507398343558622,0.9934587158289168,MB-VIB,capacity_beta_like,,2,16.0,0.001,laplace,
0.3664038884795553,0.4527410066972672,0.9995625590316746,MB-GIB,capacity_beta_like,,2,16.0,0.003,student_t,
0.9487841213873147,1.1631459170294913,0.9971127247309668,MB-VIB,capacity_beta_like,,2,16.0,0.003,student_t,
0.3664038884795553,0.4527410066972672,0.9995625590316746,MB-GIB,capacity_beta_like,,2,16.0,0.003,laplace,
0.6792632706845205,0.8829798875572242,0.9983361222562674,MB-VIB,capacity_beta_like,,2,16.0,0.003,laplace,
0.3664038884795553,0.4527410066972672,0.9995625590316746,MB-GIB,capacity_beta_like,,2,16.0,0.01,student_t,
0.7177649838156543,0.9095704041762744,0.9982343995480487,MB-VIB,capacity_beta_like,,2,16.0,0.01,student_t,
0.3664038884795553,0.4527410066972672,0.9995625590316746,MB-GIB,capacity_beta_like,,2,16.0,0.01,laplace,
0.8799606011912996,1.0829821533384587,0.9974969911244713,MB-VIB,capacity_beta_like,,2,16.0,0.01,laplace,
0.5838504537496454,0.7391984240790678,0.998833883730758,MB-GIB(misspec),mb_misspec,,2,,,,drop_one
1.8455561836360692,2.592572381628523,0.9856556269813151,MB-VIB(misspec),mb_misspec,,2,,,,drop_one
0.36522248320098427,0.4512483781276646,0.9995654386496148,MB-GIB(misspec),mb_misspec,,2,,,,add_nonmb
0.9289567047805934,1.1829781087802642,0.997013426509552,MB-VIB(misspec),mb_misspec,,2,,,,add_nonmb
0.7115101076102965,0.9026800478515693,0.9984165822999367,MB-GIB,scope,parent,3,,,,
1.1674638514754232,1.4988188888619303,0.9956345790920773,MB-VIB,scope,parent,3,,,,
0.7163910923517638,0.9055936165482078,0.9984063442503526,BN,scope,parent,3,,,,
1.7479238324298323,2.1320451443670705,0.991166748386173,PureDNN,scope,parent,3,,,,
1.4335923045154346,1.8513849784238599,0.9933392784233914,IIB-style,scope,parent,3,,,,
0.2864090259634981,0.3583314929361416,0.9997504843635576,MB-GIB,scope,mb,3,,,,
0.3220184302987784,0.4044530304318343,0.9996821194202471,MB-VIB,scope,mb,3,,,,
42.77131111643855,48.13918929892756,-3.503242694349768,BN,scope,mb,3,,,,
1.4835952142913569,1.988672978815144,0.9923148109657759,PureDNN,scope,mb,3,,,,
0.4534291704465343,0.5543902317529117,0.9994027461639636,IIB-style,scope,mb,3,,,,
0.2941829295379151,0.36515768124038195,0.9997408873057625,MB-GIB,scope,global,3,,,,
1.1737726363521572,1.5286350607188408,0.9954591679251783,MB-VIB,scope,global,3,,,,
42.77131111643855,48.13918929892756,-3.503242694349768,BN,scope,global,3,,,,
1.5068897538629338,1.8274519526495856,0.9935103728863737,PureDNN,scope,global,3,,,,
0.4347204838043398,0.5610474862419681,0.999388316098747,IIB-style,scope,global,3,,,,
0.2864090259634981,0.3583314929361416,0.9997504843635576,MB-GIB,capacity_beta_like,,3,4.0,0.001,student_t,
1.469801698807627,1.7954610393288783,0.9937355956856924,MB-VIB,capacity_beta_like,,3,4.0,0.001,student_t,
0.2864090259634981,0.3583314929361416,0.9997504843635576,MB-GIB,capacity_beta_like,,3,4.0,0.001,laplace,
0.4421005432642198,0.5863213379410398,0.9993319650131745,MB-VIB,capacity_beta_like,,3,4.0,0.001,laplace,
0.2864090259634981,0.3583314929361416,0.9997504843635576,MB-GIB,capacity_beta_like,,3,4.0,0.003,student_t,
0.6308465727837779,0.7819762340637401,0.998811730590027,MB-VIB,capacity_beta_like,,3,4.0,0.003,student_t,
0.2864090259634981,0.3583314929361416,0.9997504843635576,MB-GIB,capacity_beta_like,,3,4.0,0.003,laplace,
0.604114191190237,0.7295664888693061,0.998965673709893,MB-VIB,capacity_beta_like,,3,4.0,0.003,laplace,
0.2864090259634981,0.3583314929361416,0.9997504843635576,MB-GIB,capacity_beta_like,,3,4.0,0.01,student_t,
1.0009728220390783,1.1874411790154877,0.9972599908055761,MB-VIB,capacity_beta_like,,3,4.0,0.01,student_t,
0.2864090259634981,0.3583314929361416,0.9997504843635576,MB-GIB,capacity_beta_like,,3,4.0,0.01,laplace,
0.7128583013687784,0.8786513035406621,0.9984997593658558,MB-VIB,capacity_beta_like,,3,4.0,0.01,laplace,
0.2864090259634981,0.3583314929361416,0.9997504843635576,MB-GIB,capacity_beta_like,,3,8.0,0.001,student_t,
0.45889863502559364,0.5833807608070904,0.9993386490010557,MB-VIB,capacity_beta_like,,3,8.0,0.001,student_t,
0.2864090259634981,0.3583314929361416,0.9997504843635576,MB-GIB,capacity_beta_like,,3,8.0,0.001,laplace,
0.506467351541976,0.6485772551600293,0.9991825687479395,MB-VIB,capacity_beta_like,,3,8.0,0.001,laplace,
0.2864090259634981,0.3583314929361416,0.9997504843635576,MB-GIB,capacity_beta_like,,3,8.0,0.003,student_t,
0.5530447901442719,0.671800447806335,0.9991229822425869,MB-VIB,capacity_beta_like,,3,8.0,0.003,student_t,
0.2864090259634981,0.3583314929361416,0.9997504843635576,MB-GIB,capacity_beta_like,,3,8.0,0.003,laplace,
1.1820976705554183,1.3692974173211956,0.996356461299033,MB-VIB,capacity_beta_like,,3,8.0,0.003,laplace,
0.2864090259634981,0.3583314929361416,0.9997504843635576,MB-GIB,capacity_beta_like,,3,8.0,0.01,student_t,
0.7449995418389098,0.9566145404875989,0.9982217133648966,MB-VIB,capacity_beta_like,,3,8.0,0.01,student_t,
0.2864090259634981,0.3583314929361416,0.9997504843635576,MB-GIB,capacity_beta_like,,3,8.0,0.01,laplace,
0.6370788168575212,0.7818029657638553,0.9988122571190986,MB-VIB,capacity_beta_like,,3,8.0,0.01,laplace,
0.2864090259634981,0.3583314929361416,0.9997504843635576,MB-GIB,capacity_beta_like,,3,16.0,0.001,student_t,
0.787625285535522,0.9581107616881904,0.998216146251221,MB-VIB,capacity_beta_like,,3,16.0,0.001,student_t,
0.2864090259634981,0.3583314929361416,0.9997504843635576,MB-GIB,capacity_beta_like,,3,16.0,0.001,laplace,
1.0235872845007155,1.2064379037455188,0.9971716200133268,MB-VIB,capacity_beta_like,,3,16.0,0.001,laplace,
0.2864090259634981,0.3583314929361416,0.9997504843635576,MB-GIB,capacity_beta_like,,3,16.0,0.003,student_t,
0.42184862794677147,0.5309118050915892,0.9994522623763978,MB-VIB,capacity_beta_like,,3,16.0,0.003,student_t,
0.2864090259634981,0.3583314929361416,0.9997504843635576,MB-GIB,capacity_beta_like,,3,16.0,0.003,laplace,
1.3753033459926869,1.9663291062187807,0.9924865357470951,MB-VIB,capacity_beta_like,,3,16.0,0.003,laplace,
0.2864090259634981,0.3583314929361416,0.9997504843635576,MB-GIB,capacity_beta_like,,3,16.0,0.01,student_t,
0.5035986189708985,0.6220057847668606,0.9992481751846563,MB-VIB,capacity_beta_like,,3,16.0,0.01,student_t,
0.2864090259634981,0.3583314929361416,0.9997504843635576,MB-GIB,capacity_beta_like,,3,16.0,0.01,laplace,
0.37198441435438645,0.48923436484890953,0.9995348835290793,MB-VIB,capacity_beta_like,,3,16.0,0.01,laplace,
0.6212242922729238,0.7429572806214877,0.9989273562793471,MB-GIB(misspec),mb_misspec,,3,,,,drop_one
0.9679482428647718,1.22385168380904,0.9970893808108549,MB-VIB(misspec),mb_misspec,,3,,,,drop_one
0.2941829295379151,0.36515768124038195,0.9997408873057625,MB-GIB(misspec),mb_misspec,,3,,,,add_nonmb
0.6386018503605686,0.834275382983815,0.9986474707472682,MB-VIB(misspec),mb_misspec,,3,,,,add_nonmb
0.8584875755886601,1.0410387577825126,0.9974655905231204,MB-GIB,scope,parent,4,,,,
2.88245733152329,3.500077232244181,0.9713517405060808,MB-VIB,scope,parent,4,,,,
0.858568824772263,1.0452715327811846,0.9974449392385957,BN,scope,parent,4,,,,
2.625888848836405,3.2083218091544716,0.975928739451135,PureDNN,scope,parent,4,,,,
1.9005742129802212,2.441096264119373,0.986064813068029,IIB-style,scope,parent,4,,,,
0.5127597346756919,0.6064430476979997,0.9991399513271504,MB-GIB,scope,mb,4,,,,
1.6781151886072405,2.213420408557266,0.9885430028062248,MB-VIB,scope,mb,4,,,,
47.10599816008594,51.44505886901039,-5.189140244243693,BN,scope,mb,4,,,,
1.3747333937116037,1.8050625738683945,0.9923804818122443,PureDNN,scope,mb,4,,,,
1.1253267058440342,1.4347662740823266,0.9951860086479812,IIB-style,scope,mb,4,,,,
0.5098540380413131,0.603579587361104,0.9991480539878489,MB-GIB,scope,global,4,,,,
1.0489685336010455,1.2881704566773455,0.9961194824124748,MB-VIB,scope,global,4,,,,
47.10599816008594,51.44505886901039,-5.189140244243693,BN,scope,global,4,,,,
0.628391918430147,0.7701132844623982,0.998613077426331,PureDNN,scope,global,4,,,,
0.7637209122262724,0.9268862362362271,0.9979909263713902,IIB-style,scope,global,4,,,,
0.5127597346756919,0.6064430476979997,0.9991399513271504,MB-GIB,capacity_beta_like,,4,4.0,0.001,student_t,
0.9921513978759997,1.1942282802050543,0.9966648321973232,MB-VIB,capacity_beta_like,,4,4.0,0.001,student_t,
0.5127597346756919,0.6064430476979997,0.9991399513271504,MB-GIB,capacity_beta_like,,4,4.0,0.001,laplace,
1.0685422254436905,1.3108218055153542,0.9959818115473111,MB-VIB,capacity_beta_like,,4,4.0,0.001,laplace,
0.5127597346756919,0.6064430476979997,0.9991399513271504,MB-GIB,capacity_beta_like,,4,4.0,0.003,student_t,
0.5917311362063411,0.7571983205970567,0.9986592053422949,MB-VIB,capacity_beta_like,,4,4.0,0.003,student_t,
0.5127597346756919,0.6064430476979997,0.9991399513271504,MB-GIB,capacity_beta_like,,4,4.0,0.003,laplace,
1.0253525159349024,1.1894080498166066,0.9966917011525199,MB-VIB,capacity_beta_like,,4,4.0,0.003,laplace,
0.5127597346756919,0.6064430476979997,0.9991399513271504,MB-GIB,capacity_beta_like,,4,4.0,0.01,student_t,
0.7797795307293456,0.9653396759479949,0.9978207688439232,MB-VIB,capacity_beta_like,,4,4.0,0.01,student_t,
0.5127597346756919,0.6064430476979997,0.9991399513271504,MB-GIB,capacity_beta_like,,4,4.0,0.01,laplace,
0.8934364317497662,1.2380955253700499,0.9964153125551541,MB-VIB,capacity_beta_like,,4,4.0,0.01,laplace,
0.5127597346756919,0.6064430476979997,0.9991399513271504,MB-GIB,capacity_beta_like,,4,8.0,0.001,student_t,
0.4618538898314018,0.6096528601072093,0.9991308230153617,MB-VIB,capacity_beta_like,,4,8.0,0.001,student_t,
0.5127597346756919,0.6064430476979997,0.9991399513271504,MB-GIB,capacity_beta_like,,4,8.0,0.001,laplace,
0.9170204950097367,1.1261530373745559,0.9970342276509757,MB-VIB,capacity_beta_like,,4,8.0,0.001,laplace,
0.5127597346756919,0.6064430476979997,0.9991399513271504,MB-GIB,capacity_beta_like,,4,8.0,0.003,student_t,
1.5262311484450481,1.763039050183892,0.9927311308627126,MB-VIB,capacity_beta_like,,4,8.0,0.003,student_t,
0.5127597346756919,0.6064430476979997,0.9991399513271504,MB-GIB,capacity_beta_like,,4,8.0,0.003,laplace,
0.8894487357978268,1.0509247008557627,0.9974172273055687,MB-VIB,capacity_beta_like,,4,8.0,0.003,laplace,
0.5127597346756919,0.6064430476979997,0.9991399513271504,MB-GIB,capacity_beta_like,,4,8.0,0.01,student_t,
0.6563834313808973,0.79615850624268,0.9985176796673247,MB-VIB,capacity_beta_like,,4,8.0,0.01,student_t,
0.5127597346756919,0.6064430476979997,0.9991399513271504,MB-GIB,capacity_beta_like,,4,8.0,0.01,laplace,
0.7480131052746212,1.042379446632202,0.9974590585041285,MB-VIB,capacity_beta_like,,4,8.0,0.01,laplace,
0.5127597346756919,0.6064430476979997,0.9991399513271504,MB-GIB,capacity_beta_like,,4,16.0,0.001,student_t,
0.6082791356769001,0.7827552709303742,0.9985671689368246,MB-VIB,capacity_beta_like,,4,16.0,0.001,student_t,
0.5127597346756919,0.6064430476979997,0.9991399513271504,MB-GIB,capacity_beta_like,,4,16.0,0.001,laplace,
0.5597493464730418,0.7362464004575092,0.9987323792029288,MB-VIB,capacity_beta_like,,4,16.0,0.001,laplace,
0.5127597346756919,0.6064430476979997,0.9991399513271504,MB-GIB,capacity_beta_like,,4,16.0,0.003,student_t,
0.7114793110198021,0.8413274567608284,0.9983447137348349,MB-VIB,capacity_beta_like,,4,16.0,0.003,student_t,
0.5127597346756919,0.6064430476979997,0.9991399513271504,MB-GIB,capacity_beta_like,,4,16.0,0.003,laplace,
0.8785642806309544,1.144030332517017,0.9969393190143344,MB-VIB,capacity_beta_like,,4,16.0,0.003,laplace,
0.5127597346756919,0.6064430476979997,0.9991399513271504,MB-GIB,capacity_beta_like,,4,16.0,0.01,student_t,
0.6313406846834501,0.8749033423293955,0.9982099583420478,MB-VIB,capacity_beta_like,,4,16.0,0.01,student_t,
0.5127597346756919,0.6064430476979997,0.9991399513271504,MB-GIB,capacity_beta_like,,4,16.0,0.01,laplace,
1.0092447049612978,1.3288437885849305,0.995870562967406,MB-VIB,capacity_beta_like,,4,16.0,0.01,laplace,
0.5678007150383273,0.6858649368454323,0.998899930334534,MB-GIB(misspec),mb_misspec,,4,,,,drop_one
1.119990761940925,1.3990376204545636,0.9954227801506712,MB-VIB(misspec),mb_misspec,,4,,,,drop_one
0.5098540380413131,0.603579587361104,0.9991480539878489,MB-GIB(misspec),mb_misspec,,4,,,,add_nonmb
1.1174167127389192,1.3112520093024305,0.9959791736242206,MB-VIB(misspec),mb_misspec,,4,,,,add_nonmb
1.0839092727453339,1.37354970181811,0.9959793572375776,MB-GIB,scope,parent,5,,,,
1.8243564043295015,2.4221924652250766,0.9874967179797345,MB-VIB,scope,parent,5,,,,
1.0844660953687515,1.3742153189550375,0.9959754595159865,BN,scope,parent,5,,,,
1.6330822264207825,2.1684118141185906,0.9899794800042011,PureDNN,scope,parent,5,,,,
2.5124505208438275,2.996449713533665,0.980865341443773,IIB-style,scope,parent,5,,,,
0.34772687576871647,0.4425071145686374,0.9995827010954121,MB-GIB,scope,mb,5,,,,
0.9937779031997636,1.2140879163644065,0.9968587174428011,MB-VIB,scope,mb,5,,,,
41.929077416499666,46.91497683134596,-3.690614500857686,BN,scope,mb,5,,,,
1.0530410395613847,1.2792714633284163,0.9965123559535566,PureDNN,scope,mb,5,,,,
0.6021788027892233,0.8243829471915184,0.9985516793307523,IIB-style,scope,mb,5,,,,
0.3480038181503838,0.4430563615170603,0.9995816645362888,MB-GIB,scope,global,5,,,,
0.652555860287635,0.9477813749350186,0.9980856423879378,MB-VIB,scope,global,5,,,,
41.929077416499666,46.91497683134596,-3.690614500857686,BN,scope,global,5,,,,
0.9136428249641306,1.1608527531024881,0.9971281549701934,PureDNN,scope,global,5,,,,
1.763302256989607,2.0845050517335886,0.9907399648891566,IIB-style,scope,global,5,,,,
0.34772687576871647,0.4425071145686374,0.9995827010954121,MB-GIB,capacity_beta_like,,5,4.0,0.001,student_t,
1.178276524495471,1.4277086358285282,0.995656039151451,MB-VIB,capacity_beta_like,,5,4.0,0.001,student_t,
0.34772687576871647,0.4425071145686374,0.9995827010954121,MB-GIB,capacity_beta_like,,5,4.0,0.001,laplace,
42.034010436784136,47.00699505588679,-3.7090327261468197,MB-VIB,capacity_beta_like,,5,4.0,0.001,laplace,
0.34772687576871647,0.4425071145686374,0.9995827010954121,MB-GIB,capacity_beta_like,,5,4.0,0.003,student_t,
1.1470419649775072,1.3416130483888078,0.9961641529972818,MB-VIB,capacity_beta_like,,5,4.0,0.003,student_t,
0.34772687576871647,0.4425071145686374,0.9995827010954121,MB-GIB,capacity_beta_like,,5,4.0,0.003,laplace,
1.1103872714029106,1.3350861995890904,0.9962013844393915,MB-VIB,capacity_beta_like,,5,4.0,0.003,laplace,
0.34772687576871647,0.4425071145686374,0.9995827010954121,MB-GIB,capacity_beta_like,,5,4.0,0.01,student_t,
0.5258298049615011,0.6809321879524343,0.9990118691524473,MB-VIB,capacity_beta_like,,5,4.0,0.01,student_t,
0.34772687576871647,0.4425071145686374,0.9995827010954121,MB-GIB,capacity_beta_like,,5,4.0,0.01,laplace,
1.2298018417635492,1.4677984754112308,0.9954086585256751,MB-VIB,capacity_beta_like,,5,4.0,0.01,laplace,
0.34772687576871647,0.4425071145686374,0.9995827010954121,MB-GIB,capacity_beta_like,,5,8.0,0.001,student_t,
0.6288459672227742,0.8244998493448245,0.9985512685415429,MB-VIB,capacity_beta_like,,5,8.0,0.001,student_t,
0.34772687576871647,0.4425071145686374,0.9995827010954121,MB-GIB,capacity_beta_like,,5,8.0,0.001,laplace,
0.7311503469797239,0.9280513648547155,0.998164515349479,MB-VIB,capacity_beta_like,,5,8.0,0.001,laplace,
0.34772687576871647,0.4425071145686374,0.9995827010954121,MB-GIB,capacity_beta_like,,5,8.0,0.003,student_t,
0.6122905933671091,0.7450743917446436,0.9988169420908427,MB-VIB,capacity_beta_like,,5,8.0,0.003,student_t,
0.34772687576871647,0.4425071145686374,0.9995827010954121,MB-GIB,capacity_beta_like,,5,8.0,0.003,laplace,
1.2694386498840393,1.474140127052433,0.9953688988607191,MB-VIB,capacity_beta_like,,5,8.0,0.003,laplace,
0.34772687576871647,0.4425071145686374,0.9995827010954121,MB-GIB,capacity_beta_like,,5,8.0,0.01,student_t,
0.7921752836051499,1.053007356076134,0.9976369683440904,MB-VIB,capacity_beta_like,,5,8.0,0.01,student_t,
0.34772687576871647,0.4425071145686374,0.9995827010954121,MB-GIB,capacity_beta_like,,5,8.0,0.01,laplace,
1.0065460983128793,1.320888192754361,0.9962817477822671,MB-VIB,capacity_beta_like,,5,8.0,0.01,laplace,
0.34772687576871647,0.4425071145686374,0.9995827010954121,MB-GIB,capacity_beta_like,,5,16.0,0.001,student_t,
0.553613878578118,0.7045841557397058,0.9989420321385554,MB-VIB,capacity_beta_like,,5,16.0,0.001,student_t,
0.34772687576871647,0.4425071145686374,0.9995827010954121,MB-GIB,capacity_beta_like,,5,16.0,0.001,laplace,
0.5730462513412049,0.7418452798884856,0.9988271744865249,MB-VIB,capacity_beta_like,,5,16.0,0.001,laplace,
0.34772687576871647,0.4425071145686374,0.9995827010954121,MB-GIB,capacity_beta_like,,5,16.0,0.003,student_t,
0.7636944039657629,0.9614009456896055,0.9980302286363191,MB-VIB,capacity_beta_like,,5,16.0,0.003,student_t,
0.34772687576871647,0.4425071145686374,0.9995827010954121,MB-GIB,capacity_beta_like,,5,16.0,0.003,laplace,
0.5915855858531258,0.7704962049743136,0.9987348333439489,MB-VIB,capacity_beta_like,,5,16.0,0.003,laplace,
0.34772687576871647,0.4425071145686374,0.9995827010954121,MB-GIB,capacity_beta_like,,5,16.0,0.01,student_t,
0.6027074592365202,0.7583539570106519,0.9987743946618398,MB-VIB,capacity_beta_like,,5,16.0,0.01,student_t,
0.34772687576871647,0.4425071145686374,0.9995827010954121,MB-GIB,capacity_beta_like,,5,16.0,0.01,laplace,
1.817311715589487,2.0399980442886214,0.9911311720156905,MB-VIB,capacity_beta_like,,5,16.0,0.01,laplace,
0.6077458269008091,0.7732010482170847,0.9987259349636681,MB-GIB(misspec),mb_misspec,,5,,,,drop_one
1.176830211380057,1.4650171849635227,0.9954260420504272,MB-VIB(misspec),mb_misspec,,5,,,,drop_one
0.3480038181503838,0.4430563615170603,0.9995816645362888,MB-GIB(misspec),mb_misspec,,5,,,,add_nonmb
1.7768697466478056,2.1834803141589676,0.9898397290200683,MB-VIB(misspec),mb_misspec,,5,,,,add_nonmb
0.9325609794492812,1.1640345104374032,0.9979447999699297,MB-GIB,scope,parent,6,,,,
1.2531139471101878,1.5486857892459407,0.9963621146167594,MB-VIB,scope,parent,6,,,,
1.030612282781221,1.2878172517080702,0.9974844621136101,BN,scope,parent,6,,,,
3.7464787328599964,5.1774154257393095,0.9593417752741309,PureDNN,scope,parent,6,,,,
3.2378034574982553,4.16791957470081,0.9736511875896245,IIB-style,scope,parent,6,,,,
0.36917834124641824,0.4723392396714117,0.9996615999350982,MB-GIB,scope,mb,6,,,,
0.6598328817407417,0.7985176374215796,0.9990328553992953,MB-VIB,scope,mb,6,,,,
45.741771440603934,52.21456084441984,-3.1352868908971114,BN,scope,mb,6,,,,
2.0198843261095116,2.497991982321436,0.9905353520263525,PureDNN,scope,mb,6,,,,
1.9477814866246368,2.344220564399,0.9916647366042216,IIB-style,scope,mb,6,,,,
0.41766041065399384,0.5327277264109738,0.9995695398162379,MB-GIB,scope,global,6,,,,
1.1573903691870173,1.4527904254865944,0.9967986856356509,MB-VIB,scope,global,6,,,,
45.741771440603934,52.21456084441984,-3.1352868908971114,BN,scope,global,6,,,,
0.5326777441701683,0.6728534792457618,0.9993133057826916,PureDNN,scope,global,6,,,,
0.5044911903523518,0.6436895773492388,0.9993715433306288,IIB-style,scope,global,6,,,,
0.36917834124641824,0.4723392396714117,0.9996615999350982,MB-GIB,capacity_beta_like,,6,4.0,0.001,student_t,
0.6992118771702769,0.9715072638479838,0.9985684237342884,MB-VIB,capacity_beta_like,,6,4.0,0.001,student_t,
0.36917834124641824,0.4723392396714117,0.9996615999350982,MB-GIB,capacity_beta_like,,6,4.0,0.001,laplace,
0.6537934392206526,0.8612651439426955,0.9988748870381381,MB-VIB,capacity_beta_like,,6,4.0,0.001,laplace,
0.36917834124641824,0.4723392396714117,0.9996615999350982,MB-GIB,capacity_beta_like,,6,4.0,0.003,student_t,
0.861089097808482,1.1094398596425232,0.9981330619145434,MB-VIB,capacity_beta_like,,6,4.0,0.003,student_t,
0.36917834124641824,0.4723392396714117,0.9996615999350982,MB-GIB,capacity_beta_like,,6,4.0,0.003,laplace,
0.6450072846953719,0.816394272895183,0.9989890672079373,MB-VIB,capacity_beta_like,,6,4.0,0.003,laplace,
0.36917834124641824,0.4723392396714117,0.9996615999350982,MB-GIB,capacity_beta_like,,6,4.0,0.01,student_t,
1.0183428313261822,1.3256910487208657,0.9973343260184439,MB-VIB,capacity_beta_like,,6,4.0,0.01,student_t,
0.36917834124641824,0.4723392396714117,0.9996615999350982,MB-GIB,capacity_beta_like,,6,4.0,0.01,laplace,
0.5363385148096718,0.6865174992773668,0.9992851324081305,MB-VIB,capacity_beta_like,,6,4.0,0.01,laplace,
0.36917834124641824,0.4723392396714117,0.9996615999350982,MB-GIB,capacity_beta_like,,6,8.0,0.001,student_t,
0.7829343050847762,1.0193276861843243,0.9984240224522465,MB-VIB,capacity_beta_like,,6,8.0,0.001,student_t,
0.36917834124641824,0.4723392396714117,0.9996615999350982,MB-GIB,capacity_beta_like,,6,8.0,0.001,laplace,
0.9089948427290295,1.181958040166512,0.9978810217263847,MB-VIB,capacity_beta_like,,6,8.0,0.001,laplace,
0.36917834124641824,0.4723392396714117,0.9996615999350982,MB-GIB,capacity_beta_like,,6,8.0,0.003,student_t,
0.3549466878500933,0.45553433330201454,0.9996852508141982,MB-VIB,capacity_beta_like,,6,8.0,0.003,student_t,
0.36917834124641824,0.4723392396714117,0.9996615999350982,MB-GIB,capacity_beta_like,,6,8.0,0.003,laplace,
1.4534443267258117,1.8317716672596647,0.9949106178769066,MB-VIB,capacity_beta_like,,6,8.0,0.003,laplace,
0.36917834124641824,0.4723392396714117,0.9996615999350982,MB-GIB,capacity_beta_like,,6,8.0,0.01,student_t,
1.6859987351946766,2.306256996573621,0.9919325220438433,MB-VIB,capacity_beta_like,,6,8.0,0.01,student_t,
0.36917834124641824,0.4723392396714117,0.9996615999350982,MB-GIB,capacity_beta_like,,6,8.0,0.01,laplace,
0.8413203735474309,1.1803008773306538,0.9978869593828568,MB-VIB,capacity_beta_like,,6,8.0,0.01,laplace,
0.36917834124641824,0.4723392396714117,0.9996615999350982,MB-GIB,capacity_beta_like,,6,16.0,0.001,student_t,
1.4452522544834543,1.8161710562578626,0.99499693799068,MB-VIB,capacity_beta_like,,6,16.0,0.001,student_t,
0.36917834124641824,0.4723392396714117,0.9996615999350982,MB-GIB,capacity_beta_like,,6,16.0,0.001,laplace,
0.5753074949976048,0.7179709506198722,0.999218127153137,MB-VIB,capacity_beta_like,,6,16.0,0.001,laplace,
0.36917834124641824,0.4723392396714117,0.9996615999350982,MB-GIB,capacity_beta_like,,6,16.0,0.003,student_t,
0.852930342750469,1.1279555661391498,0.9980702263647943,MB-VIB,capacity_beta_like,,6,16.0,0.003,student_t,
0.36917834124641824,0.4723392396714117,0.9996615999350982,MB-GIB,capacity_beta_like,,6,16.0,0.003,laplace,
0.5220501441549954,0.7443305996804214,0.9991596617498524,MB-VIB,capacity_beta_like,,6,16.0,0.003,laplace,
0.36917834124641824,0.4723392396714117,0.9996615999350982,MB-GIB,capacity_beta_like,,6,16.0,0.01,student_t,
1.3602795664530591,1.6431686158472456,0.9959046912609356,MB-VIB,capacity_beta_like,,6,16.0,0.01,student_t,
0.36917834124641824,0.4723392396714117,0.9996615999350982,MB-GIB,capacity_beta_like,,6,16.0,0.01,laplace,
0.5146373411443627,0.6449807477882499,0.9993690195721694,MB-VIB,capacity_beta_like,,6,16.0,0.01,laplace,
0.7436670615131171,0.9435894778021375,0.9986495187341319,MB-GIB(misspec),mb_misspec,,6,,,,drop_one
1.3957943817250602,1.8338635188512724,0.994898987266835,MB-VIB(misspec),mb_misspec,,6,,,,drop_one
0.41766041065399384,0.5327277264109738,0.9995695398162379,MB-GIB(misspec),mb_misspec,,6,,,,add_nonmb
1.595729178319738,1.9443008340126815,0.9942661106186621,MB-VIB(misspec),mb_misspec,,6,,,,add_nonmb
0.8797082199147723,1.033115413369285,0.9967261038365826,MB-GIB,scope,parent,7,,,,
2.0844487195552306,2.618436399805127,0.9789694186399635,MB-VIB,scope,parent,7,,,,
0.9145781959653039,1.0729316125857085,0.9964688895518308,BN,scope,parent,7,,,,
1.1385523820149874,1.4109710020950437,0.9938933448477018,PureDNN,scope,parent,7,,,,
1.2416301373374958,1.4945588018307825,0.9931483805714775,IIB-style,scope,parent,7,,,,
0.3103932716709923,0.39505189014260944,0.9995212866850564,MB-GIB,scope,mb,7,,,,
2.003379046750706,2.2830010012969164,0.9840125417638947,MB-VIB,scope,mb,7,,,,
43.49583606254578,47.094576655884204,-5.803133817450632,BN,scope,mb,7,,,,
1.2121113940735195,1.4359385696172269,0.9936753144109842,PureDNN,scope,mb,7,,,,
0.6449192629830394,0.7866884813753232,0.9981016652330292,IIB-style,scope,mb,7,,,,
0.3105807513026328,0.3953379142411972,0.9995205932414089,MB-GIB,scope,global,7,,,,
1.0898979163316649,1.4361455569348607,0.9936734909011397,MB-VIB,scope,global,7,,,,
43.49583606254578,47.094576655884204,-5.803133817450632,BN,scope,global,7,,,,
0.7309418357228039,0.903250912342066,0.9974974426611608,PureDNN,scope,global,7,,,,
0.9341743963926742,1.1703248551553653,0.9957987349981989,IIB-style,scope,global,7,,,,
0.3103932716709923,0.39505189014260944,0.9995212866850564,MB-GIB,capacity_beta_like,,7,4.0,0.001,student_t,
0.5833047544889826,0.7533368751572332,0.9982592128523685,MB-VIB,capacity_beta_like,,7,4.0,0.001,student_t,
0.3103932716709923,0.39505189014260944,0.9995212866850564,MB-GIB,capacity_beta_like,,7,4.0,0.001,laplace,
0.6964134148199658,0.8775719925319806,0.9976377126308152,MB-VIB,capacity_beta_like,,7,4.0,0.001,laplace,
0.3103932716709923,0.39505189014260944,0.9995212866850564,MB-GIB,capacity_beta_like,,7,4.0,0.003,student_t,
1.2770177571380263,1.5591577360577416,0.9925432887359438,MB-VIB,capacity_beta_like,,7,4.0,0.003,student_t,
0.3103932716709923,0.39505189014260944,0.9995212866850564,MB-GIB,capacity_beta_like,,7,4.0,0.003,laplace,
1.0570771964457915,1.3075837320546004,0.9947554740744646,MB-VIB,capacity_beta_like,,7,4.0,0.003,laplace,
0.3103932716709923,0.39505189014260944,0.9995212866850564,MB-GIB,capacity_beta_like,,7,4.0,0.01,student_t,
0.6627754407219488,0.8487417829784982,0.997790375968883,MB-VIB,capacity_beta_like,,7,4.0,0.01,student_t,
0.3103932716709923,0.39505189014260944,0.9995212866850564,MB-GIB,capacity_beta_like,,7,4.0,0.01,laplace,
0.6037716012127362,0.7782443181123041,0.9981421992396075,MB-VIB,capacity_beta_like,,7,4.0,0.01,laplace,
0.3103932716709923,0.39505189014260944,0.9995212866850564,MB-GIB,capacity_beta_like,,7,8.0,0.001,student_t,
0.9610345422465961,1.1806200321192655,0.9957244940545624,MB-VIB,capacity_beta_like,,7,8.0,0.001,student_t,
0.3103932716709923,0.39505189014260944,0.9995212866850564,MB-GIB,capacity_beta_like,,7,8.0,0.001,laplace,
0.9015623677715512,1.1371834482566343,0.9960333098401637,MB-VIB,capacity_beta_like,,7,8.0,0.001,laplace,
0.3103932716709923,0.39505189014260944,0.9995212866850564,MB-GIB,capacity_beta_like,,7,8.0,0.003,student_t,
1.572286191383995,1.9497614930830023,0.9883391503149349,MB-VIB,capacity_beta_like,,7,8.0,0.003,student_t,
0.3103932716709923,0.39505189014260944,0.9995212866850564,MB-GIB,capacity_beta_like,,7,8.0,0.003,laplace,
1.517601455428844,1.8361875362442304,0.9896580772525553,MB-VIB,capacity_beta_like,,7,8.0,0.003,laplace,
0.3103932716709923,0.39505189014260944,0.9995212866850564,MB-GIB,capacity_beta_like,,7,8.0,0.01,student_t,
2.361039711187539,2.797064782673794,0.9760021535944626,MB-VIB,capacity_beta_like,,7,8.0,0.01,student_t,
0.3103932716709923,0.39505189014260944,0.9995212866850564,MB-GIB,capacity_beta_like,,7,8.0,0.01,laplace,
0.6853705755958812,0.8669483633695103,0.9976945607581404,MB-VIB,capacity_beta_like,,7,8.0,0.01,laplace,
0.3103932716709923,0.39505189014260944,0.9995212866850564,MB-GIB,capacity_beta_like,,7,16.0,0.001,student_t,
0.9905798216310059,1.2545182966503754,0.9951725118269209,MB-VIB,capacity_beta_like,,7,16.0,0.001,student_t,
0.3103932716709923,0.39505189014260944,0.9995212866850564,MB-GIB,capacity_beta_like,,7,16.0,0.001,laplace,
0.9908366418187613,1.2098356288219994,0.9955102727436981,MB-VIB,capacity_beta_like,,7,16.0,0.001,laplace,
0.3103932716709923,0.39505189014260944,0.9995212866850564,MB-GIB,capacity_beta_like,,7,16.0,0.003,student_t,
1.0632791580863936,1.3027520561856751,0.9947941607480209,MB-VIB,capacity_beta_like,,7,16.0,0.003,student_t,
0.3103932716709923,0.39505189014260944,0.9995212866850564,MB-GIB,capacity_beta_like,,7,16.0,0.003,laplace,
0.8871910694194775,1.074354126493824,0.9964595201130025,MB-VIB,capacity_beta_like,,7,16.0,0.003,laplace,
0.3103932716709923,0.39505189014260944,0.9995212866850564,MB-GIB,capacity_beta_like,,7,16.0,0.01,student_t,
1.7244589215692196,2.1512862908064547,0.9858040768904672,MB-VIB,capacity_beta_like,,7,16.0,0.01,student_t,
0.3103932716709923,0.39505189014260944,0.9995212866850564,MB-GIB,capacity_beta_like,,7,16.0,0.01,laplace,
1.8179790471321757,2.0573308326356616,0.9870169870997866,MB-VIB,capacity_beta_like,,7,16.0,0.01,laplace,
0.6328702134683177,0.7929858948869598,0.9980711513832227,MB-GIB(misspec),mb_misspec,,7,,,,drop_one
1.8989209809899876,2.3214978142655105,0.9834688229488475,MB-VIB(misspec),mb_misspec,,7,,,,drop_one
0.3105807513026328,0.3953379142411972,0.9995205932414089,MB-GIB(misspec),mb_misspec,,7,,,,add_nonmb
1.5045119701405083,2.0272685634184318,0.9873936375124395,MB-VIB(misspec),mb_misspec,,7,,,,add_nonmb
0.8527599861855183,1.0603942599969172,0.9979976803044364,MB-GIB,scope,parent,8,,,,
1.9899309228184143,2.5066225042964576,0.9888113792891622,MB-VIB,scope,parent,8,,,,
0.8444624108794829,1.0578963274020412,0.9980071027781455,BN,scope,parent,8,,,,
1.0506067652156375,1.2362485260244955,0.9972784879820045,PureDNN,scope,parent,8,,,,
1.0920386890732023,1.2763303766387653,0.9970991525279207,IIB-style,scope,parent,8,,,,
0.29670116454338813,0.3641442568196266,0.9997638730201193,MB-GIB,scope,mb,8,,,,
1.1274524068434884,1.4127533824432412,0.9964458856685361,MB-VIB,scope,mb,8,,,,
42.08070964728863,47.936705043696634,-3.091994500579677,BN,scope,mb,8,,,,
0.97249421952972,1.1777816571103867,0.9975298219659386,PureDNN,scope,mb,8,,,,
0.6283033934787919,0.7549134263167874,0.9989851707369148,IIB-style,scope,mb,8,,,,
0.2968908424492032,0.3683560353465698,0.999758379230667,MB-GIB,scope,global,8,,,,
0.4583102696574556,0.5651735187658853,0.9994311964576427,MB-VIB,scope,global,8,,,,
42.08070964728863,47.936705043696634,-3.091994500579677,BN,scope,global,8,,,,
0.5234297094893577,0.6482614248844881,0.9992516598583456,PureDNN,scope,global,8,,,,
0.8124953660384918,0.9970030207882178,0.9982299251510803,IIB-style,scope,global,8,,,,
0.29670116454338813,0.3641442568196266,0.9997638730201193,MB-GIB,capacity_beta_like,,8,4.0,0.001,student_t,
0.5065232018546699,0.6403043520714545,0.9992699180855786,MB-VIB,capacity_beta_like,,8,4.0,0.001,student_t,
0.29670116454338813,0.3641442568196266,0.9997638730201193,MB-GIB,capacity_beta_like,,8,4.0,0.001,laplace,
0.652625463712646,0.7892974078471292,0.9988906207565762,MB-VIB,capacity_beta_like,,8,4.0,0.001,laplace,
0.29670116454338813,0.3641442568196266,0.9997638730201193,MB-GIB,capacity_beta_like,,8,4.0,0.003,student_t,
0.7395536778472988,0.9099387677156334,0.9985255738671814,MB-VIB,capacity_beta_like,,8,4.0,0.003,student_t,
0.29670116454338813,0.3641442568196266,0.9997638730201193,MB-GIB,capacity_beta_like,,8,4.0,0.003,laplace,
0.6318742741952483,0.7823557544250705,0.998910048319323,MB-VIB,capacity_beta_like,,8,4.0,0.003,laplace,
0.29670116454338813,0.3641442568196266,0.9997638730201193,MB-GIB,capacity_beta_like,,8,4.0,0.01,student_t,
0.4671149277612123,0.5712957245189534,0.9994188066577903,MB-VIB,capacity_beta_like,,8,4.0,0.01,student_t,
0.29670116454338813,0.3641442568196266,0.9997638730201193,MB-GIB,capacity_beta_like,,8,4.0,0.01,laplace,
0.4396048770995508,0.5477284476842453,0.9994657687626666,MB-VIB,capacity_beta_like,,8,4.0,0.01,laplace,
0.29670116454338813,0.3641442568196266,0.9997638730201193,MB-GIB,capacity_beta_like,,8,8.0,0.001,student_t,
0.9039072572855059,1.1599842151806643,0.9976039115713444,MB-VIB,capacity_beta_like,,8,8.0,0.001,student_t,
0.29670116454338813,0.3641442568196266,0.9997638730201193,MB-GIB,capacity_beta_like,,8,8.0,0.001,laplace,
0.5568651971041211,0.7048266781971947,0.9991153665621859,MB-VIB,capacity_beta_like,,8,8.0,0.001,laplace,
0.29670116454338813,0.3641442568196266,0.9997638730201193,MB-GIB,capacity_beta_like,,8,8.0,0.003,student_t,
1.010735989407319,1.185614917554115,0.997496855085653,MB-VIB,capacity_beta_like,,8,8.0,0.003,student_t,
0.29670116454338813,0.3641442568196266,0.9997638730201193,MB-GIB,capacity_beta_like,,8,8.0,0.003,laplace,
0.39479578512327174,0.5011110805307478,0.9995528361417091,MB-VIB,capacity_beta_like,,8,8.0,0.003,laplace,
0.29670116454338813,0.3641442568196266,0.9997638730201193,MB-GIB,capacity_beta_like,,8,8.0,0.01,student_t,
1.1384852050237018,1.449920629357544,0.9962564198060985,MB-VIB,capacity_beta_like,,8,8.0,0.01,student_t,
0.29670116454338813,0.3641442568196266,0.9997638730201193,MB-GIB,capacity_beta_like,,8,8.0,0.01,laplace,
0.46522418247441033,0.5796842694947533,0.9994016136011,MB-VIB,capacity_beta_like,,8,8.0,0.01,laplace,
0.29670116454338813,0.3641442568196266,0.9997638730201193,MB-GIB,capacity_beta_like,,8,16.0,0.001,student_t,
2.415848191755743,3.0023945600677293,0.9839478129440256,MB-VIB,capacity_beta_like,,8,16.0,0.001,student_t,
0.29670116454338813,0.3641442568196266,0.9997638730201193,MB-GIB,capacity_beta_like,,8,16.0,0.001,laplace,
0.7112116149444984,0.8674645049381505,0.9986600082965091,MB-VIB,capacity_beta_like,,8,16.0,0.001,laplace,
0.29670116454338813,0.3641442568196266,0.9997638730201193,MB-GIB,capacity_beta_like,,8,16.0,0.003,student_t,
1.2578457038939614,1.5952463297247186,0.9954683726312452,MB-VIB,capacity_beta_like,,8,16.0,0.003,student_t,
0.29670116454338813,0.3641442568196266,0.9997638730201193,MB-GIB,capacity_beta_like,,8,16.0,0.003,laplace,
0.911984014947937,1.1117599730574654,0.9977989964104065,MB-VIB,capacity_beta_like,,8,16.0,0.003,laplace,
0.29670116454338813,0.3641442568196266,0.9997638730201193,MB-GIB,capacity_beta_like,,8,16.0,0.01,student_t,
1.4782808335614641,1.8324797205750678,0.9940203324792724,MB-VIB,capacity_beta_like,,8,16.0,0.01,student_t,
0.29670116454338813,0.3641442568196266,0.9997638730201193,MB-GIB,capacity_beta_like,,8,16.0,0.01,laplace,
1.0289335113887597,1.1862527178556173,0.9974941612329071,MB-VIB,capacity_beta_like,,8,16.0,0.01,laplace,
0.5455482862914176,0.6907895342644544,0.9991502519408832,MB-GIB(misspec),mb_misspec,,8,,,,drop_one
2.014581269911906,2.489031565795559,0.9889678669326569,MB-VIB(misspec),mb_misspec,,8,,,,drop_one
0.2968908424492032,0.3683560353465698,0.999758379230667,MB-GIB(misspec),mb_misspec,,8,,,,add_nonmb
1.6554542779345598,1.9464361524932006,0.993253492495777,MB-VIB(misspec),mb_misspec,,8,,,,add_nonmb
0.8333434056759821,1.0324028707851314,0.9977509932284568,MB-GIB,scope,parent,9,,,,
1.3813764048492772,1.7696026037499253,0.9933923983445764,MB-VIB,scope,parent,9,,,,
0.8091037317498977,1.0060924410077277,0.9978641628895478,BN,scope,parent,9,,,,
3.2600053518736245,4.327019027698224,0.9604933717304502,PureDNN,scope,parent,9,,,,
3.529942096338911,4.1729401963636565,0.9632568253124799,IIB-style,scope,parent,9,,,,
0.3290652193037817,0.4129344761344833,0.9996402053976136,MB-GIB,scope,mb,9,,,,
2.1622224331207622,2.530233730368018,0.9864912974806613,MB-VIB,scope,mb,9,,,,
46.86293397254056,51.36847432992389,-4.5678264569749905,BN,scope,mb,9,,,,
3.933526622610621,4.636996478001959,0.9546303020341362,PureDNN,scope,mb,9,,,,
2.2324364824131577,2.572979170912424,0.9860310135210333,IIB-style,scope,mb,9,,,,
0.3266146250814981,0.41118672711420734,0.9996432446202228,MB-GIB,scope,global,9,,,,
2.7967504116544486,3.172945268080222,0.9787569183880024,MB-VIB,scope,global,9,,,,
46.86293397254056,51.36847432992389,-4.5678264569749905,BN,scope,global,9,,,,
1.0929505328562976,1.2972153332384873,0.9964492793742175,PureDNN,scope,global,9,,,,
1.865595139564756,2.17135247762828,0.9900516051678157,IIB-style,scope,global,9,,,,
0.3290652193037817,0.4129344761344833,0.9996402053976136,MB-GIB,capacity_beta_like,,9,4.0,0.001,student_t,
2.5697558200733503,3.054785008570271,0.9803096399615723,MB-VIB,capacity_beta_like,,9,4.0,0.001,student_t,
0.3290652193037817,0.4129344761344833,0.9996402053976136,MB-GIB,capacity_beta_like,,9,4.0,0.001,laplace,
1.346714785144561,1.535310468826212,0.9950262405357096,MB-VIB,capacity_beta_like,,9,4.0,0.001,laplace,
0.3290652193037817,0.4129344761344833,0.9996402053976136,MB-GIB,capacity_beta_like,,9,4.0,0.003,student_t,
2.211471294878075,2.525551210303479,0.9865412503678795,MB-VIB,capacity_beta_like,,9,4.0,0.003,student_t,
0.3290652193037817,0.4129344761344833,0.9996402053976136,MB-GIB,capacity_beta_like,,9,4.0,0.003,laplace,
1.5952760977572928,1.8427747363980564,0.9928346591330269,MB-VIB,capacity_beta_like,,9,4.0,0.003,laplace,
0.3290652193037817,0.4129344761344833,0.9996402053976136,MB-GIB,capacity_beta_like,,9,4.0,0.01,student_t,
1.2201665650369038,1.4628221661500012,0.995484816331745,MB-VIB,capacity_beta_like,,9,4.0,0.01,student_t,
0.3290652193037817,0.4129344761344833,0.9996402053976136,MB-GIB,capacity_beta_like,,9,4.0,0.01,laplace,
2.8462939926904944,3.305549469910524,0.9769442274978135,MB-VIB,capacity_beta_like,,9,4.0,0.01,laplace,
0.3290652193037817,0.4129344761344833,0.9996402053976136,MB-GIB,capacity_beta_like,,9,8.0,0.001,student_t,
1.8428493264783157,2.1537422338639134,0.9902123190329017,MB-VIB,capacity_beta_like,,9,8.0,0.001,student_t,
0.3290652193037817,0.4129344761344833,0.9996402053976136,MB-GIB,capacity_beta_like,,9,8.0,0.001,laplace,
2.3004915909631505,2.6530918072347043,0.9851475905586684,MB-VIB,capacity_beta_like,,9,8.0,0.001,laplace,
0.3290652193037817,0.4129344761344833,0.9996402053976136,MB-GIB,capacity_beta_like,,9,8.0,0.003,student_t,
1.3025115740753301,1.5481591619491872,0.9949426434788101,MB-VIB,capacity_beta_like,,9,8.0,0.003,student_t,
0.3290652193037817,0.4129344761344833,0.9996402053976136,MB-GIB,capacity_beta_like,,9,8.0,0.003,laplace,
1.136989677124052,1.420462039867381,0.9957425297641378,MB-VIB,capacity_beta_like,,9,8.0,0.003,laplace,
0.3290652193037817,0.4129344761344833,0.9996402053976136,MB-GIB,capacity_beta_like,,9,8.0,0.01,student_t,
1.8599584366412307,2.2277791387520227,0.989527831495429,MB-VIB,capacity_beta_like,,9,8.0,0.01,student_t,
0.3290652193037817,0.4129344761344833,0.9996402053976136,MB-GIB,capacity_beta_like,,9,8.0,0.01,laplace,
1.922941932345367,2.169702294051057,0.9900667205760885,MB-VIB,capacity_beta_like,,9,8.0,0.01,laplace,
0.3290652193037817,0.4129344761344833,0.9996402053976136,MB-GIB,capacity_beta_like,,9,16.0,0.001,student_t,
2.519074416478036,2.953961620249937,0.9815879539341126,MB-VIB,capacity_beta_like,,9,16.0,0.001,student_t,
0.3290652193037817,0.4129344761344833,0.9996402053976136,MB-GIB,capacity_beta_like,,9,16.0,0.001,laplace,
1.5254221202681741,1.8362304070062538,0.9928854619625304,MB-VIB,capacity_beta_like,,9,16.0,0.001,laplace,
0.3290652193037817,0.4129344761344833,0.9996402053976136,MB-GIB,capacity_beta_like,,9,16.0,0.003,student_t,
1.865661076533042,2.2105915021226488,0.9896887967297616,MB-VIB,capacity_beta_like,,9,16.0,0.003,student_t,
0.3290652193037817,0.4129344761344833,0.9996402053976136,MB-GIB,capacity_beta_like,,9,16.0,0.003,laplace,
1.9378632159060964,2.275277349245827,0.9890765193732415,MB-VIB,capacity_beta_like,,9,16.0,0.003,laplace,
0.3290652193037817,0.4129344761344833,0.9996402053976136,MB-GIB,capacity_beta_like,,9,16.0,0.01,student_t,
2.0440574636332616,2.45389093717433,0.9872941750012453,MB-VIB,capacity_beta_like,,9,16.0,0.01,student_t,
0.3290652193037817,0.4129344761344833,0.9996402053976136,MB-GIB,capacity_beta_like,,9,16.0,0.01,laplace,
3.1585547825345754,3.5928784982974533,0.9727618618946503,MB-VIB,capacity_beta_like,,9,16.0,0.01,laplace,
0.5802030536633116,0.7217384039113808,0.9989008625999555,MB-GIB(misspec),mb_misspec,,9,,,,drop_one
3.3864776091228617,4.034423667080842,0.9656556452235846,MB-VIB(misspec),mb_misspec,,9,,,,drop_one
0.3266146250814981,0.41118672711420734,0.9996432446202228,MB-GIB(misspec),mb_misspec,,9,,,,add_nonmb
2.143737201384953,2.5042404334294046,0.9867674238232688,MB-VIB(misspec),mb_misspec,,9,,,,add_nonmb
